[
  {
    "userId": 1,
    "id": 1,
    "title": "How We Made Bracket Pair Colorization 10,000x Faster",
    "body": "When dealing with deeply nested brackets in VS Code, it can be hard to figure out which brackets match and which do not..."
  },
  {
    "userId": 3,
    "id": 2,
    "title": "Simula One: an office-focused, standalone VR headset built on top of Linux",
    "body": "The Simula One is an office-focused, standalone VR headset built on top of Linux Desktop..."
  },
  {
    "userId": 11,
    "id": 3,
    "title": "Netflix Cloud Packaging in the Terabyte Era",
    "body": "Behind the scenes of the beloved Netflix streaming service and content, there are many technology innovations in media processing..."
  },
  {
    "userId": 11,
    "id": 4,
    "title": "Proposal to Merge YJIT into Ruby",
    "body": "YJIT is a new open source JIT compiler for CRuby. The project is led by a small team at Shopify in collaboration with developers from GitHub..."
  },
  {
    "userId": 1,
    "id": 5,
    "title": "Scientists create their own GPS by spying on internet satellites",
    "body": "GPS has transformed everything from driving to search and rescue..."
  }
]